theta2,intensity,time
5.0,3122.0,1.0
5.02,3111.0,1.0
5.04,3107.0,1.0
5.06,3161.0,1.0
5.08,3120.0,1.0
5.1,3075.0,1.0
5.12,3054.0,1.0
5.14,3092.0,1.0
5.16,3078.0,1.0
5.18,3145.0,1.0
5.2,3126.0,1.0
5.22,3078.0,1.0
5.24,3083.0,1.0
5.26,3086.0,1.0
5.28,3025.0,1.0
5.3,3080.0,1.0
5.32,3048.0,1.0
5.34,3040.0,1.0
5.36,3111.0,1.0
5.38,3121.0,1.0
5.4,3014.0,1.0
5.42,3121.0,1.0
5.44,3068.0,1.0
5.46,3061.0,1.0
5.48,3165.0,1.0
5.5,3032.0,1.0
5.52,3095.0,1.0
5.54,3135.0,1.0
5.56,3005.0,1.0
5.58,3019.0,1.0
5.6,3068.0,1.0
5.62,3100.0,1.0
5.64,2957.0,1.0
5.66,2986.0,1.0
5.68,2994.0,1.0
5.7,3032.0,1.0
5.72,3066.0,1.0
5.74,3090.0,1.0
5.76,3086.0,1.0
5.78,3049.0,1.0
5.8,3001.0,1.0
5.82,3119.0,1.0
5.84,3052.0,1.0
5.86,2992.0,1.0
5.88,2971.0,1.0
5.9,2984.0,1.0
5.92,3009.0,1.0
5.94,2959.0,1.0
5.96,2852.0,1.0
5.98,2985.0,1.0
6.0,3004.0,1.0
6.02,2976.0,1.0
6.04,2965.0,1.0
6.06,2979.0,1.0
6.08,2946.0,1.0
6.1,2961.0,1.0
6.12,2996.0,1.0
6.14,2972.0,1.0
6.16,2969.0,1.0
6.18,2963.0,1.0
6.2,3014.0,1.0
6.22,3034.0,1.0
6.24,2988.0,1.0
6.26,2911.0,1.0
6.28,3009.0,1.0
6.3,3005.0,1.0
6.32,2980.0,1.0
6.34,2909.0,1.0
6.36,2895.0,1.0
6.38,2892.0,1.0
6.4,2989.0,1.0
6.42,2963.0,1.0
6.44,2834.0,1.0
6.46,3037.0,1.0
6.48,2989.0,1.0
6.5,2934.0,1.0
6.52,2838.0,1.0
6.54,2993.0,1.0
6.56,2978.0,1.0
6.58,2903.0,1.0
6.6,2967.0,1.0
6.62,2895.0,1.0
6.64,2965.0,1.0
6.66,2992.0,1.0
6.68,2936.0,1.0
6.7,2917.0,1.0
6.72,2882.0,1.0
6.74,2928.0,1.0
6.76,2916.0,1.0
6.78,2825.0,1.0
6.8,2858.0,1.0
6.82,2895.0,1.0
6.84,2881.0,1.0
6.86,2898.0,1.0
6.88,2883.0,1.0
6.9,2886.0,1.0
6.92,2898.0,1.0
6.94,2983.0,1.0
6.96,2882.0,1.0
6.98,2855.0,1.0
7.0,2829.0,1.0
7.02,2889.0,1.0
7.04,2815.0,1.0
7.06,2861.0,1.0
7.08,2890.0,1.0
7.1,2886.0,1.0
7.12,2863.0,1.0
7.14,2818.0,1.0
7.16,2856.0,1.0
7.18,2866.0,1.0
7.2,2810.0,1.0
7.22,2677.0,1.0
7.24,2772.0,1.0
7.26,2749.0,1.0
7.28,2800.0,1.0
7.3,2870.0,1.0
7.32,2804.0,1.0
7.34,2740.0,1.0
7.36,2743.0,1.0
7.38,2908.0,1.0
7.4,2883.0,1.0
7.42,2871.0,1.0
7.44,2710.0,1.0
7.46,2706.0,1.0
7.48,2733.0,1.0
7.5,2735.0,1.0
7.52,2754.0,1.0
7.54,2717.0,1.0
7.56,2837.0,1.0
7.58,2706.0,1.0
7.6,2765.0,1.0
7.62,2727.0,1.0
7.64,2721.0,1.0
7.66,2856.0,1.0
7.68,2684.0,1.0
7.7,2713.0,1.0
7.72,2739.0,1.0
7.74,2700.0,1.0
7.76,2727.0,1.0
7.78,2663.0,1.0
7.8,2758.0,1.0
7.82,2666.0,1.0
7.84,2744.0,1.0
7.86,2710.0,1.0
7.88,2791.0,1.0
7.9,2682.0,1.0
7.92,2747.0,1.0
7.94,2730.0,1.0
7.96,2703.0,1.0
7.98,2654.0,1.0
8.0,2660.0,1.0
8.02,2670.0,1.0
8.04,2698.0,1.0
8.06,2661.0,1.0
8.08,2720.0,1.0
8.1,2632.0,1.0
8.12,2609.0,1.0
8.14,2716.0,1.0
8.16,2696.0,1.0
8.18,2650.0,1.0
8.2,2708.0,1.0
8.22,2753.0,1.0
8.24,2643.0,1.0
8.26,2638.0,1.0
8.28,2655.0,1.0
8.3,2604.0,1.0
8.32,2645.0,1.0
8.34,2630.0,1.0
8.36,2661.0,1.0
8.38,2653.0,1.0
8.4,2624.0,1.0
8.42,2617.0,1.0
8.44,2512.0,1.0
8.46,2612.0,1.0
8.48,2667.0,1.0
8.5,2553.0,1.0
8.52,2656.0,1.0
8.54,2568.0,1.0
8.56,2579.0,1.0
8.58,2584.0,1.0
8.6,2615.0,1.0
8.62,2619.0,1.0
8.64,2551.0,1.0
8.66,2559.0,1.0
8.68,2545.0,1.0
8.7,2514.0,1.0
8.72,2547.0,1.0
8.74,2593.0,1.0
8.76,2530.0,1.0
8.78,2629.0,1.0
8.8,2517.0,1.0
8.82,2534.0,1.0
8.84,2529.0,1.0
8.86,2512.0,1.0
8.88,2471.0,1.0
8.9,2528.0,1.0
8.92,2508.0,1.0
8.94,2528.0,1.0
8.96,2369.0,1.0
8.98,2595.0,1.0
9.0,2458.0,1.0
9.02,2521.0,1.0
9.04,2477.0,1.0
9.06,2498.0,1.0
9.08,2438.0,1.0
9.1,2522.0,1.0
9.12,2548.0,1.0
9.14,2462.0,1.0
9.16,2458.0,1.0
9.18,2373.0,1.0
9.2,2431.0,1.0
9.22,2506.0,1.0
9.24,2545.0,1.0
9.26,2467.0,1.0
9.28,2468.0,1.0
9.3,2435.0,1.0
9.32,2575.0,1.0
9.34,2505.0,1.0
9.36,2501.0,1.0
9.38,2469.0,1.0
9.4,2454.0,1.0
9.42,2491.0,1.0
9.44,2460.0,1.0
9.46,2733.0,1.0
9.48,3385.0,1.0
9.5,5357.0,1.0
9.52,4960.0,1.0
9.54,3550.0,1.0
9.56,2657.0,1.0
9.58,2528.0,1.0
9.6,2420.0,1.0
9.62,2532.0,1.0
9.64,2421.0,1.0
9.66,2368.0,1.0
9.68,2320.0,1.0
9.7,2347.0,1.0
9.72,2382.0,1.0
9.74,2356.0,1.0
9.76,2333.0,1.0
9.78,2366.0,1.0
9.8,2324.0,1.0
9.82,2302.0,1.0
9.84,2285.0,1.0
9.86,2327.0,1.0
9.88,2318.0,1.0
9.9,2264.0,1.0
9.92,2305.0,1.0
9.94,2390.0,1.0
9.96,2318.0,1.0
9.98,2362.0,1.0
10.0,2314.0,1.0
10.02,2284.0,1.0
10.04,2307.0,1.0
10.06,2313.0,1.0
10.08,2321.0,1.0
10.1,2299.0,1.0
10.12,2278.0,1.0
10.14,2307.0,1.0
10.16,2310.0,1.0
10.18,2284.0,1.0
10.2,2288.0,1.0
10.22,2311.0,1.0
10.24,2274.0,1.0
10.26,2247.0,1.0
10.28,2217.0,1.0
10.3,2231.0,1.0
10.32,2252.0,1.0
10.34,2195.0,1.0
10.36,2232.0,1.0
10.38,2221.0,1.0
10.4,2238.0,1.0
10.42,2253.0,1.0
10.44,2176.0,1.0
10.46,2206.0,1.0
10.48,2237.0,1.0
10.5,2162.0,1.0
10.52,2158.0,1.0
10.54,2257.0,1.0
10.56,2172.0,1.0
10.58,2118.0,1.0
10.6,2154.0,1.0
10.62,2136.0,1.0
10.64,2196.0,1.0
10.66,2224.0,1.0
10.68,2182.0,1.0
10.7,2190.0,1.0
10.72,2142.0,1.0
10.74,2125.0,1.0
10.76,2134.0,1.0
10.78,2115.0,1.0
10.8,2150.0,1.0
10.82,2121.0,1.0
10.84,2066.0,1.0
10.86,2188.0,1.0
10.88,2104.0,1.0
10.9,2084.0,1.0
10.92,2122.0,1.0
10.94,2169.0,1.0
10.96,2134.0,1.0
10.98,2089.0,1.0
11.0,2096.0,1.0
11.02,2095.0,1.0
11.04,2014.0,1.0
11.06,2027.0,1.0
11.08,2083.0,1.0
11.1,2023.0,1.0
11.12,2014.0,1.0
11.14,2119.0,1.0
11.16,2030.0,1.0
11.18,1978.0,1.0
11.2,2000.0,1.0
11.22,1994.0,1.0
11.24,2046.0,1.0
11.26,2002.0,1.0
11.28,2059.0,1.0
11.3,1929.0,1.0
11.32,1937.0,1.0
11.34,2013.0,1.0
11.36,2112.0,1.0
11.38,2041.0,1.0
11.4,2041.0,1.0
11.42,2022.0,1.0
11.44,2018.0,1.0
11.46,1951.0,1.0
11.48,2020.0,1.0
11.5,1961.0,1.0
11.52,1929.0,1.0
11.54,1974.0,1.0
11.56,2046.0,1.0
11.58,2064.0,1.0
11.6,1989.0,1.0
11.62,1973.0,1.0
11.64,2022.0,1.0
11.66,1895.0,1.0
11.68,1951.0,1.0
11.7,1947.0,1.0
11.72,1983.0,1.0
11.74,1907.0,1.0
11.76,1931.0,1.0
11.78,1964.0,1.0
11.8,1936.0,1.0
11.82,1920.0,1.0
11.84,1869.0,1.0
11.86,1963.0,1.0
11.88,1907.0,1.0
11.9,1991.0,1.0
11.92,1928.0,1.0
11.94,1897.0,1.0
11.96,1888.0,1.0
11.98,1977.0,1.0
12.0,1894.0,1.0
12.02,1930.0,1.0
12.04,1801.0,1.0
12.06,1956.0,1.0
12.08,1826.0,1.0
12.1,1938.0,1.0
12.12,1874.0,1.0
12.14,1934.0,1.0
12.16,1831.0,1.0
12.18,1904.0,1.0
12.2,1888.0,1.0
12.22,1818.0,1.0
12.24,1776.0,1.0
12.26,1850.0,1.0
12.28,1854.0,1.0
12.3,1873.0,1.0
12.32,1839.0,1.0
12.34,1821.0,1.0
12.36,1755.0,1.0
12.38,1807.0,1.0
12.4,1751.0,1.0
12.42,1849.0,1.0
12.44,1876.0,1.0
12.46,1793.0,1.0
12.48,1785.0,1.0
12.5,1863.0,1.0
12.52,1777.0,1.0
12.54,1769.0,1.0
12.56,1767.0,1.0
12.58,1754.0,1.0
12.6,1724.0,1.0
12.62,1819.0,1.0
12.64,1793.0,1.0
12.66,1741.0,1.0
12.68,1692.0,1.0
12.7,1723.0,1.0
12.72,1784.0,1.0
12.74,1790.0,1.0
12.76,1732.0,1.0
12.78,1748.0,1.0
12.8,1743.0,1.0
12.82,1664.0,1.0
12.84,1793.0,1.0
12.86,1704.0,1.0
12.88,1700.0,1.0
12.9,1720.0,1.0
12.92,1724.0,1.0
12.94,1684.0,1.0
12.96,1715.0,1.0
12.98,1685.0,1.0
13.0,1680.0,1.0
13.02,1708.0,1.0
13.04,1706.0,1.0
13.06,1742.0,1.0
13.08,1678.0,1.0
13.1,1733.0,1.0
13.12,1637.0,1.0
13.14,1686.0,1.0
13.16,1653.0,1.0
13.18,1722.0,1.0
13.2,1672.0,1.0
13.22,1730.0,1.0
13.24,1710.0,1.0
13.26,1672.0,1.0
13.28,1654.0,1.0
13.3,1694.0,1.0
13.32,1702.0,1.0
13.34,1596.0,1.0
13.36,1660.0,1.0
13.38,1635.0,1.0
13.4,1681.0,1.0
13.42,1612.0,1.0
13.44,1568.0,1.0
13.46,1640.0,1.0
13.48,1615.0,1.0
13.5,1620.0,1.0
13.52,1547.0,1.0
13.54,1590.0,1.0
13.56,1590.0,1.0
13.58,1635.0,1.0
13.6,1590.0,1.0
13.62,1622.0,1.0
13.64,1543.0,1.0
13.66,1616.0,1.0
13.68,1640.0,1.0
13.7,1599.0,1.0
13.72,1591.0,1.0
13.74,1507.0,1.0
13.76,1539.0,1.0
13.78,1621.0,1.0
13.8,1611.0,1.0
13.82,1511.0,1.0
13.84,1571.0,1.0
13.86,1543.0,1.0
13.88,1557.0,1.0
13.9,1541.0,1.0
13.92,1608.0,1.0
13.94,1513.0,1.0
13.96,1507.0,1.0
13.98,1508.0,1.0
14.0,1489.0,1.0
14.02,1500.0,1.0
14.04,1509.0,1.0
14.06,1468.0,1.0
14.08,1469.0,1.0
14.1,1541.0,1.0
14.12,1461.0,1.0
14.14,1501.0,1.0
14.16,1526.0,1.0
14.18,1504.0,1.0
14.2,1460.0,1.0
14.22,1531.0,1.0
14.24,1496.0,1.0
14.26,1487.0,1.0
14.28,1453.0,1.0
14.3,1499.0,1.0
14.32,1534.0,1.0
14.34,1441.0,1.0
14.36,1564.0,1.0
14.38,1380.0,1.0
14.4,1436.0,1.0
14.42,1491.0,1.0
14.44,1409.0,1.0
14.46,1436.0,1.0
14.48,1388.0,1.0
14.5,1354.0,1.0
14.52,1452.0,1.0
14.54,1410.0,1.0
14.56,1481.0,1.0
14.58,1439.0,1.0
14.6,1447.0,1.0
14.62,1445.0,1.0
14.64,1370.0,1.0
14.66,1426.0,1.0
14.68,1411.0,1.0
14.7,1409.0,1.0
14.72,1406.0,1.0
14.74,1353.0,1.0
14.76,1404.0,1.0
14.78,1382.0,1.0
14.8,1359.0,1.0
14.82,1393.0,1.0
14.84,1371.0,1.0
14.86,1364.0,1.0
14.88,1366.0,1.0
14.9,1388.0,1.0
14.92,1361.0,1.0
14.94,1332.0,1.0
14.96,1373.0,1.0
14.98,1406.0,1.0
15.0,1323.0,1.0
15.02,1354.0,1.0
15.04,1353.0,1.0
15.06,1405.0,1.0
15.08,1347.0,1.0
15.1,1358.0,1.0
15.12,1302.0,1.0
15.14,1340.0,1.0
15.16,1328.0,1.0
15.18,1343.0,1.0
15.2,1309.0,1.0
15.22,1395.0,1.0
15.24,1313.0,1.0
15.26,1320.0,1.0
15.28,1244.0,1.0
15.3,1282.0,1.0
15.32,1218.0,1.0
15.34,1346.0,1.0
15.36,1282.0,1.0
15.38,1205.0,1.0
15.4,1257.0,1.0
15.42,1316.0,1.0
15.44,1313.0,1.0
15.46,1285.0,1.0
15.48,1283.0,1.0
15.5,1349.0,1.0
15.52,1297.0,1.0
15.54,1286.0,1.0
15.56,1240.0,1.0
15.58,1246.0,1.0
15.6,1185.0,1.0
15.62,1318.0,1.0
15.64,1307.0,1.0
15.66,1297.0,1.0
15.68,1249.0,1.0
15.7,1244.0,1.0
15.72,1223.0,1.0
15.74,1316.0,1.0
15.76,1357.0,1.0
15.78,1311.0,1.0
15.8,1253.0,1.0
15.82,1261.0,1.0
15.84,1184.0,1.0
15.86,1247.0,1.0
15.88,1252.0,1.0
15.9,1277.0,1.0
15.92,1278.0,1.0
15.94,1286.0,1.0
15.96,1240.0,1.0
15.98,1270.0,1.0
16.0,1295.0,1.0
16.02,1258.0,1.0
16.04,1266.0,1.0
16.06,1224.0,1.0
16.08,1258.0,1.0
16.1,1190.0,1.0
16.12,1199.0,1.0
16.14,1242.0,1.0
16.16,1150.0,1.0
16.18,1191.0,1.0
16.2,1237.0,1.0
16.22,1193.0,1.0
16.24,1243.0,1.0
16.26,1177.0,1.0
16.28,1237.0,1.0
16.3,1232.0,1.0
16.32,1180.0,1.0
16.34,1185.0,1.0
16.36,1234.0,1.0
16.38,1210.0,1.0
16.4,1172.0,1.0
16.42,1196.0,1.0
16.44,1170.0,1.0
16.46,1141.0,1.0
16.48,1182.0,1.0
16.5,1171.0,1.0
16.52,1144.0,1.0
16.54,1117.0,1.0
16.56,1225.0,1.0
16.58,1129.0,1.0
16.6,1136.0,1.0
16.62,1174.0,1.0
16.64,1185.0,1.0
16.66,1131.0,1.0
16.68,1192.0,1.0
16.7,1124.0,1.0
16.72,1126.0,1.0
16.74,1110.0,1.0
16.76,1098.0,1.0
16.78,1085.0,1.0
16.8,1142.0,1.0
16.82,1170.0,1.0
16.84,1173.0,1.0
16.86,1058.0,1.0
16.88,1170.0,1.0
16.9,1129.0,1.0
16.92,1156.0,1.0
16.94,1132.0,1.0
16.96,1129.0,1.0
16.98,1133.0,1.0
17.0,1122.0,1.0
17.02,1061.0,1.0
17.04,1084.0,1.0
17.06,1053.0,1.0
17.08,1109.0,1.0
17.1,1131.0,1.0
17.12,1150.0,1.0
17.14,1135.0,1.0
17.16,1096.0,1.0
17.18,1124.0,1.0
17.2,1068.0,1.0
17.22,1051.0,1.0
17.24,1060.0,1.0
17.26,1081.0,1.0
17.28,1054.0,1.0
17.3,1071.0,1.0
17.32,984.0,1.0
17.34,1106.0,1.0
17.36,1033.0,1.0
17.38,1052.0,1.0
17.4,1115.0,1.0
17.42,1083.0,1.0
17.44,1083.0,1.0
17.46,1064.0,1.0
17.48,1033.0,1.0
17.5,971.0,1.0
17.52,1047.0,1.0
17.54,1061.0,1.0
17.56,1108.0,1.0
17.58,1019.0,1.0
17.6,1048.0,1.0
17.62,1072.0,1.0
17.64,1038.0,1.0
17.66,1042.0,1.0
17.68,995.0,1.0
17.7,1055.0,1.0
17.72,1052.0,1.0
17.74,997.0,1.0
17.76,1019.0,1.0
17.78,1043.0,1.0
17.8,1075.0,1.0
17.82,1046.0,1.0
17.84,997.0,1.0
17.86,1062.0,1.0
17.88,972.0,1.0
17.9,1043.0,1.0
17.92,1044.0,1.0
17.94,1039.0,1.0
17.96,1054.0,1.0
17.98,969.0,1.0
18.0,994.0,1.0
18.02,954.0,1.0
18.04,1024.0,1.0
18.06,988.0,1.0
18.08,1067.0,1.0
18.1,1014.0,1.0
18.12,995.0,1.0
18.14,1002.0,1.0
18.16,985.0,1.0
18.18,1025.0,1.0
18.2,1019.0,1.0
18.22,992.0,1.0
18.24,998.0,1.0
18.26,1011.0,1.0
18.28,1016.0,1.0
18.3,987.0,1.0
18.32,1000.0,1.0
18.34,987.0,1.0
18.36,984.0,1.0
18.38,1014.0,1.0
18.4,948.0,1.0
18.42,1014.0,1.0
18.44,1031.0,1.0
18.46,942.0,1.0
18.48,984.0,1.0
18.5,959.0,1.0
18.52,1004.0,1.0
18.54,984.0,1.0
18.56,976.0,1.0
18.58,946.0,1.0
18.6,1000.0,1.0
18.62,996.0,1.0
18.64,1001.0,1.0
18.66,1011.0,1.0
18.68,1001.0,1.0
18.7,955.0,1.0
18.72,954.0,1.0
18.74,888.0,1.0
18.76,985.0,1.0
18.78,934.0,1.0
18.8,978.0,1.0
18.82,982.0,1.0
18.84,930.0,1.0
18.86,972.0,1.0
18.88,906.0,1.0
18.9,930.0,1.0
18.92,978.0,1.0
18.94,978.0,1.0
18.96,1003.0,1.0
18.98,916.0,1.0
19.0,1110.0,1.0
19.02,1189.0,1.0
19.04,1381.0,1.0
19.06,1209.0,1.0
19.08,1044.0,1.0
19.1,1091.0,1.0
19.12,925.0,1.0
19.14,938.0,1.0
19.16,903.0,1.0
19.18,899.0,1.0
19.2,927.0,1.0
19.22,948.0,1.0
19.24,933.0,1.0
19.26,948.0,1.0
19.28,883.0,1.0
19.3,864.0,1.0
19.32,926.0,1.0
19.34,962.0,1.0
19.36,916.0,1.0
19.38,897.0,1.0
19.4,890.0,1.0
19.42,882.0,1.0
19.44,860.0,1.0
19.46,913.0,1.0
19.48,912.0,1.0
19.5,910.0,1.0
19.52,884.0,1.0
19.54,905.0,1.0
19.56,899.0,1.0
19.58,896.0,1.0
19.6,888.0,1.0
19.62,882.0,1.0
19.64,917.0,1.0
19.66,819.0,1.0
19.68,917.0,1.0
19.7,912.0,1.0
19.72,860.0,1.0
19.74,874.0,1.0
19.76,924.0,1.0
19.78,895.0,1.0
19.8,822.0,1.0
19.82,862.0,1.0
19.84,823.0,1.0
19.86,865.0,1.0
19.88,882.0,1.0
19.9,839.0,1.0
19.92,816.0,1.0
19.94,875.0,1.0
19.96,875.0,1.0
19.98,897.0,1.0
20.0,909.0,1.0
20.02,823.0,1.0
20.04,847.0,1.0
20.06,858.0,1.0
20.08,878.0,1.0
20.1,809.0,1.0
20.12,856.0,1.0
20.14,862.0,1.0
20.16,845.0,1.0
20.18,839.0,1.0
20.2,792.0,1.0
20.22,839.0,1.0
20.24,832.0,1.0
20.26,836.0,1.0
20.28,799.0,1.0
20.3,795.0,1.0
20.32,791.0,1.0
20.34,804.0,1.0
20.36,820.0,1.0
20.38,842.0,1.0
20.4,828.0,1.0
20.42,807.0,1.0
20.44,847.0,1.0
20.46,816.0,1.0
20.48,835.0,1.0
20.5,791.0,1.0
20.52,845.0,1.0
20.54,827.0,1.0
20.56,807.0,1.0
20.58,810.0,1.0
20.6,772.0,1.0
20.62,772.0,1.0
20.64,802.0,1.0
20.66,807.0,1.0
20.68,808.0,1.0
20.7,751.0,1.0
20.72,820.0,1.0
20.74,772.0,1.0
20.76,794.0,1.0
20.78,817.0,1.0
20.8,784.0,1.0
20.82,810.0,1.0
20.84,849.0,1.0
20.86,782.0,1.0
20.88,807.0,1.0
20.9,812.0,1.0
20.92,798.0,1.0
20.94,800.0,1.0
20.96,810.0,1.0
20.98,772.0,1.0
21.0,756.0,1.0
21.02,778.0,1.0
21.04,773.0,1.0
21.06,818.0,1.0
21.08,774.0,1.0
21.1,758.0,1.0
21.12,766.0,1.0
21.14,843.0,1.0
21.16,791.0,1.0
21.18,791.0,1.0
21.2,807.0,1.0
21.22,785.0,1.0
21.24,813.0,1.0
21.26,794.0,1.0
21.28,794.0,1.0
21.3,780.0,1.0
21.32,766.0,1.0
21.34,817.0,1.0
21.36,721.0,1.0
21.38,725.0,1.0
21.4,762.0,1.0
21.42,747.0,1.0
21.44,760.0,1.0
21.46,776.0,1.0
21.48,729.0,1.0
21.5,752.0,1.0
21.52,743.0,1.0
21.54,732.0,1.0
21.56,757.0,1.0
21.58,828.0,1.0
21.6,769.0,1.0
21.62,727.0,1.0
21.64,704.0,1.0
21.66,737.0,1.0
21.68,736.0,1.0
21.7,739.0,1.0
21.72,730.0,1.0
21.74,710.0,1.0
21.76,684.0,1.0
21.78,754.0,1.0
21.8,729.0,1.0
21.82,745.0,1.0
21.84,740.0,1.0
21.86,714.0,1.0
21.88,714.0,1.0
21.9,745.0,1.0
21.92,717.0,1.0
21.94,753.0,1.0
21.96,758.0,1.0
21.98,744.0,1.0
22.0,716.0,1.0
22.02,756.0,1.0
22.04,743.0,1.0
22.06,705.0,1.0
22.08,663.0,1.0
22.1,733.0,1.0
22.12,693.0,1.0
22.14,753.0,1.0
22.16,711.0,1.0
22.18,763.0,1.0
22.2,714.0,1.0
22.22,693.0,1.0
22.24,709.0,1.0
22.26,730.0,1.0
22.28,735.0,1.0
22.3,685.0,1.0
22.32,691.0,1.0
22.34,665.0,1.0
22.36,700.0,1.0
22.38,658.0,1.0
22.4,693.0,1.0
22.42,672.0,1.0
22.44,713.0,1.0
22.46,699.0,1.0
22.48,670.0,1.0
22.5,698.0,1.0
22.52,702.0,1.0
22.54,673.0,1.0
22.56,651.0,1.0
22.58,663.0,1.0
22.6,686.0,1.0
22.62,703.0,1.0
22.64,702.0,1.0
22.66,668.0,1.0
22.68,698.0,1.0
22.7,727.0,1.0
22.72,702.0,1.0
22.74,694.0,1.0
22.76,701.0,1.0
22.78,723.0,1.0
22.8,634.0,1.0
22.82,677.0,1.0
22.84,656.0,1.0
22.86,681.0,1.0
22.88,657.0,1.0
22.9,665.0,1.0
22.92,651.0,1.0
22.94,660.0,1.0
22.96,637.0,1.0
22.98,633.0,1.0
23.0,650.0,1.0
23.02,649.0,1.0
23.04,665.0,1.0
23.06,693.0,1.0
23.08,670.0,1.0
23.1,688.0,1.0
23.12,643.0,1.0
23.14,622.0,1.0
23.16,722.0,1.0
23.18,657.0,1.0
23.2,643.0,1.0
23.22,664.0,1.0
23.24,626.0,1.0
23.26,637.0,1.0
23.28,692.0,1.0
23.3,664.0,1.0
23.32,644.0,1.0
23.34,666.0,1.0
23.36,643.0,1.0
23.38,631.0,1.0
23.4,631.0,1.0
23.42,637.0,1.0
23.44,640.0,1.0
23.46,621.0,1.0
23.48,661.0,1.0
23.5,635.0,1.0
23.52,681.0,1.0
23.54,602.0,1.0
23.56,625.0,1.0
23.58,684.0,1.0
23.6,629.0,1.0
23.62,628.0,1.0
23.64,661.0,1.0
23.66,622.0,1.0
23.68,642.0,1.0
23.7,643.0,1.0
23.72,634.0,1.0
23.74,642.0,1.0
23.76,629.0,1.0
23.78,653.0,1.0
23.8,577.0,1.0
23.82,580.0,1.0
23.84,623.0,1.0
23.86,617.0,1.0
23.88,653.0,1.0
23.9,606.0,1.0
23.92,606.0,1.0
23.94,634.0,1.0
23.96,613.0,1.0
23.98,588.0,1.0
24.0,599.0,1.0
24.02,613.0,1.0
24.04,604.0,1.0
24.06,587.0,1.0
24.08,632.0,1.0
24.1,563.0,1.0
24.12,602.0,1.0
24.14,643.0,1.0
24.16,597.0,1.0
24.18,616.0,1.0
24.2,605.0,1.0
24.22,603.0,1.0
24.24,614.0,1.0
24.26,583.0,1.0
24.28,602.0,1.0
24.3,600.0,1.0
24.32,559.0,1.0
24.34,608.0,1.0
24.36,617.0,1.0
24.38,549.0,1.0
24.4,584.0,1.0
24.42,596.0,1.0
24.44,553.0,1.0
24.46,603.0,1.0
24.48,568.0,1.0
24.5,619.0,1.0
24.52,567.0,1.0
24.54,599.0,1.0
24.56,608.0,1.0
24.58,588.0,1.0
24.6,577.0,1.0
24.62,583.0,1.0
24.64,573.0,1.0
24.66,590.0,1.0
24.68,576.0,1.0
24.7,562.0,1.0
24.72,583.0,1.0
24.74,566.0,1.0
24.76,589.0,1.0
24.78,576.0,1.0
24.8,560.0,1.0
24.82,551.0,1.0
24.84,580.0,1.0
24.86,572.0,1.0
24.88,589.0,1.0
24.9,549.0,1.0
24.92,568.0,1.0
24.94,571.0,1.0
24.96,614.0,1.0
24.98,553.0,1.0
25.0,528.0,1.0
25.02,578.0,1.0
25.04,599.0,1.0
25.06,599.0,1.0
25.08,543.0,1.0
25.1,560.0,1.0
25.12,538.0,1.0
25.14,557.0,1.0
25.16,590.0,1.0
25.18,557.0,1.0
25.2,580.0,1.0
25.22,555.0,1.0
25.24,540.0,1.0
25.26,561.0,1.0
25.28,526.0,1.0
25.3,540.0,1.0
25.32,518.0,1.0
25.34,587.0,1.0
25.36,574.0,1.0
25.38,529.0,1.0
25.4,526.0,1.0
25.42,519.0,1.0
25.44,550.0,1.0
25.46,536.0,1.0
25.48,543.0,1.0
25.5,557.0,1.0
25.52,499.0,1.0
25.54,548.0,1.0
25.56,522.0,1.0
25.58,576.0,1.0
25.6,509.0,1.0
25.62,545.0,1.0
25.64,520.0,1.0
25.66,567.0,1.0
25.68,537.0,1.0
25.7,544.0,1.0
25.72,546.0,1.0
25.74,546.0,1.0
25.76,532.0,1.0
25.78,532.0,1.0
25.8,529.0,1.0
25.82,516.0,1.0
25.84,493.0,1.0
25.86,519.0,1.0
25.88,537.0,1.0
25.9,519.0,1.0
25.92,527.0,1.0
25.94,518.0,1.0
25.96,486.0,1.0
25.98,455.0,1.0
26.0,487.0,1.0
26.02,512.0,1.0
26.04,534.0,1.0
26.06,552.0,1.0
26.08,480.0,1.0
26.1,529.0,1.0
26.12,524.0,1.0
26.14,535.0,1.0
26.16,538.0,1.0
26.18,548.0,1.0
26.2,509.0,1.0
26.22,504.0,1.0
26.24,490.0,1.0
26.26,479.0,1.0
26.28,514.0,1.0
26.3,508.0,1.0
26.32,488.0,1.0
26.34,530.0,1.0
26.36,549.0,1.0
26.38,508.0,1.0
26.4,533.0,1.0
26.42,486.0,1.0
26.44,512.0,1.0
26.46,486.0,1.0
26.48,513.0,1.0
26.5,523.0,1.0
26.52,500.0,1.0
26.54,477.0,1.0
26.56,496.0,1.0
26.58,491.0,1.0
26.6,501.0,1.0
26.62,530.0,1.0
26.64,517.0,1.0
26.66,509.0,1.0
26.68,531.0,1.0
26.7,516.0,1.0
26.72,499.0,1.0
26.74,493.0,1.0
26.76,487.0,1.0
26.78,503.0,1.0
26.8,499.0,1.0
26.82,439.0,1.0
26.84,472.0,1.0
26.86,494.0,1.0
26.88,502.0,1.0
26.9,475.0,1.0
26.92,467.0,1.0
26.94,514.0,1.0
26.96,542.0,1.0
26.98,488.0,1.0
27.0,466.0,1.0
27.02,512.0,1.0
27.04,510.0,1.0
27.06,513.0,1.0
27.08,448.0,1.0
27.1,476.0,1.0
27.12,499.0,1.0
27.14,471.0,1.0
27.16,520.0,1.0
27.18,495.0,1.0
27.2,471.0,1.0
27.22,466.0,1.0
27.24,462.0,1.0
27.26,440.0,1.0
27.28,490.0,1.0
27.3,507.0,1.0
27.32,502.0,1.0
27.34,495.0,1.0
27.36,438.0,1.0
27.38,492.0,1.0
27.4,469.0,1.0
27.42,453.0,1.0
27.44,430.0,1.0
27.46,462.0,1.0
27.48,435.0,1.0
27.5,450.0,1.0
27.52,487.0,1.0
27.54,465.0,1.0
27.56,453.0,1.0
27.58,431.0,1.0
27.6,477.0,1.0
27.62,450.0,1.0
27.64,467.0,1.0
27.66,442.0,1.0
27.68,460.0,1.0
27.7,441.0,1.0
27.72,442.0,1.0
27.74,447.0,1.0
27.76,472.0,1.0
27.78,457.0,1.0
27.8,440.0,1.0
27.82,431.0,1.0
27.84,492.0,1.0
27.86,480.0,1.0
27.88,479.0,1.0
27.9,475.0,1.0
27.92,459.0,1.0
27.94,444.0,1.0
27.96,409.0,1.0
27.98,478.0,1.0
28.0,449.0,1.0
28.02,489.0,1.0
28.04,474.0,1.0
28.06,415.0,1.0
28.08,444.0,1.0
28.1,412.0,1.0
28.12,459.0,1.0
28.14,451.0,1.0
28.16,429.0,1.0
28.18,442.0,1.0
28.2,451.0,1.0
28.22,467.0,1.0
28.24,421.0,1.0
28.26,477.0,1.0
28.28,426.0,1.0
28.3,436.0,1.0
28.32,433.0,1.0
28.34,465.0,1.0
28.36,443.0,1.0
28.38,436.0,1.0
28.4,440.0,1.0
28.42,421.0,1.0
28.44,455.0,1.0
28.46,492.0,1.0
28.48,417.0,1.0
28.5,437.0,1.0
28.52,427.0,1.0
28.54,469.0,1.0
28.56,484.0,1.0
28.58,454.0,1.0
28.6,432.0,1.0
28.62,449.0,1.0
28.64,459.0,1.0
28.66,457.0,1.0
28.68,502.0,1.0
28.7,650.0,1.0
28.72,666.0,1.0
28.74,545.0,1.0
28.76,471.0,1.0
28.78,534.0,1.0
28.8,532.0,1.0
28.82,423.0,1.0
28.84,447.0,1.0
28.86,425.0,1.0
28.88,445.0,1.0
28.9,440.0,1.0
28.92,434.0,1.0
28.94,423.0,1.0
28.96,410.0,1.0
28.98,455.0,1.0
29.0,440.0,1.0
29.02,420.0,1.0
29.04,391.0,1.0
29.06,411.0,1.0
29.08,378.0,1.0
29.1,417.0,1.0
29.12,427.0,1.0
29.14,415.0,1.0
29.16,405.0,1.0
29.18,405.0,1.0
29.2,413.0,1.0
29.22,407.0,1.0
29.24,445.0,1.0
29.26,364.0,1.0
29.28,406.0,1.0
29.3,378.0,1.0
29.32,431.0,1.0
29.34,405.0,1.0
29.36,404.0,1.0
29.38,435.0,1.0
29.4,393.0,1.0
29.42,397.0,1.0
29.44,395.0,1.0
29.46,395.0,1.0
29.48,413.0,1.0
29.5,411.0,1.0
29.52,437.0,1.0
29.54,423.0,1.0
29.56,405.0,1.0
29.58,406.0,1.0
29.6,377.0,1.0
29.62,407.0,1.0
29.64,402.0,1.0
29.66,390.0,1.0
29.68,435.0,1.0
29.7,402.0,1.0
29.72,396.0,1.0
29.74,421.0,1.0
29.76,419.0,1.0
29.78,390.0,1.0
29.8,367.0,1.0
29.82,367.0,1.0
29.84,387.0,1.0
29.86,386.0,1.0
29.88,405.0,1.0
29.9,427.0,1.0
29.92,395.0,1.0
29.94,393.0,1.0
29.96,396.0,1.0
29.98,402.0,1.0
30.0,378.0,1.0
30.02,371.0,1.0
30.04,378.0,1.0
30.06,375.0,1.0
30.08,409.0,1.0
30.1,364.0,1.0
30.12,367.0,1.0
30.14,375.0,1.0
30.16,366.0,1.0
30.18,397.0,1.0
30.2,384.0,1.0
30.22,348.0,1.0
30.24,371.0,1.0
30.26,388.0,1.0
30.28,337.0,1.0
30.3,368.0,1.0
30.32,364.0,1.0
30.34,371.0,1.0
30.36,377.0,1.0
30.38,349.0,1.0
30.4,362.0,1.0
30.42,356.0,1.0
30.44,365.0,1.0
30.46,395.0,1.0
30.48,388.0,1.0
30.5,366.0,1.0
30.52,375.0,1.0
30.54,378.0,1.0
30.56,359.0,1.0
30.58,346.0,1.0
30.6,355.0,1.0
30.62,364.0,1.0
30.64,383.0,1.0
30.66,383.0,1.0
30.68,410.0,1.0
30.7,362.0,1.0
30.72,357.0,1.0
30.74,383.0,1.0
30.76,379.0,1.0
30.78,366.0,1.0
30.8,349.0,1.0
30.82,379.0,1.0
30.84,357.0,1.0
30.86,357.0,1.0
30.88,366.0,1.0
30.9,356.0,1.0
30.92,334.0,1.0
30.94,349.0,1.0
30.96,364.0,1.0
30.98,379.0,1.0
31.0,357.0,1.0
31.02,385.0,1.0
31.04,396.0,1.0
31.06,368.0,1.0
31.08,342.0,1.0
31.1,363.0,1.0
31.12,345.0,1.0
31.14,358.0,1.0
31.16,374.0,1.0
31.18,342.0,1.0
31.2,358.0,1.0
31.22,380.0,1.0
31.24,364.0,1.0
31.26,376.0,1.0
31.28,376.0,1.0
31.3,372.0,1.0
31.32,396.0,1.0
31.34,360.0,1.0
31.36,348.0,1.0
31.38,370.0,1.0
31.4,368.0,1.0
31.42,389.0,1.0
31.44,377.0,1.0
31.46,358.0,1.0
31.48,360.0,1.0
31.5,356.0,1.0
31.52,342.0,1.0
31.54,355.0,1.0
31.56,363.0,1.0
31.58,359.0,1.0
31.6,353.0,1.0
31.62,357.0,1.0
31.64,365.0,1.0
31.66,360.0,1.0
31.68,356.0,1.0
31.7,362.0,1.0
31.72,341.0,1.0
31.74,362.0,1.0
31.76,370.0,1.0
31.78,376.0,1.0
31.8,348.0,1.0
31.82,373.0,1.0
31.84,345.0,1.0
31.86,342.0,1.0
31.88,372.0,1.0
31.9,330.0,1.0
31.92,357.0,1.0
31.94,375.0,1.0
31.96,359.0,1.0
31.98,302.0,1.0
32.0,341.0,1.0
32.02,327.0,1.0
32.04,339.0,1.0
32.06,336.0,1.0
32.08,341.0,1.0
32.1,331.0,1.0
32.12,334.0,1.0
32.14,332.0,1.0
32.16,319.0,1.0
32.18,337.0,1.0
32.2,353.0,1.0
32.22,322.0,1.0
32.24,356.0,1.0
32.26,356.0,1.0
32.28,360.0,1.0
32.3,332.0,1.0
32.32,333.0,1.0
32.34,365.0,1.0
32.36,329.0,1.0
32.38,315.0,1.0
32.4,325.0,1.0
32.42,308.0,1.0
32.44,331.0,1.0
32.46,303.0,1.0
32.48,329.0,1.0
32.5,347.0,1.0
32.52,309.0,1.0
32.54,319.0,1.0
32.56,338.0,1.0
32.58,330.0,1.0
32.6,339.0,1.0
32.62,331.0,1.0
32.64,336.0,1.0
32.66,323.0,1.0
32.68,309.0,1.0
32.7,315.0,1.0
32.72,331.0,1.0
32.74,312.0,1.0
32.76,318.0,1.0
32.78,296.0,1.0
32.8,311.0,1.0
32.82,348.0,1.0
32.84,302.0,1.0
32.86,321.0,1.0
32.88,354.0,1.0
32.9,316.0,1.0
32.92,320.0,1.0
32.94,344.0,1.0
32.96,321.0,1.0
32.98,306.0,1.0
33.0,334.0,1.0
33.02,323.0,1.0
33.04,321.0,1.0
33.06,335.0,1.0
33.08,329.0,1.0
33.1,336.0,1.0
33.12,311.0,1.0
33.14,322.0,1.0
33.16,330.0,1.0
33.18,316.0,1.0
33.2,309.0,1.0
33.22,327.0,1.0
33.24,322.0,1.0
33.26,322.0,1.0
33.28,294.0,1.0
33.3,303.0,1.0
33.32,316.0,1.0
33.34,323.0,1.0
33.36,338.0,1.0
33.38,305.0,1.0
33.4,319.0,1.0
33.42,307.0,1.0
33.44,301.0,1.0
33.46,308.0,1.0
33.48,301.0,1.0
33.5,300.0,1.0
33.52,311.0,1.0
33.54,285.0,1.0
33.56,294.0,1.0
33.58,308.0,1.0
33.6,286.0,1.0
33.62,327.0,1.0
33.64,315.0,1.0
33.66,322.0,1.0
33.68,296.0,1.0
33.7,355.0,1.0
33.72,340.0,1.0
33.74,316.0,1.0
33.76,324.0,1.0
33.78,343.0,1.0
33.8,298.0,1.0
33.82,297.0,1.0
33.84,332.0,1.0
33.86,289.0,1.0
33.88,333.0,1.0
33.9,303.0,1.0
33.92,316.0,1.0
33.94,310.0,1.0
33.96,306.0,1.0
33.98,281.0,1.0
34.0,305.0,1.0
34.02,303.0,1.0
34.04,303.0,1.0
34.06,289.0,1.0
34.08,287.0,1.0
34.1,299.0,1.0
34.12,274.0,1.0
34.14,296.0,1.0
34.16,301.0,1.0
34.18,309.0,1.0
34.2,316.0,1.0
34.22,288.0,1.0
34.24,310.0,1.0
34.26,311.0,1.0
34.28,331.0,1.0
34.3,314.0,1.0
34.32,300.0,1.0
34.34,303.0,1.0
34.36,287.0,1.0
34.38,317.0,1.0
34.4,303.0,1.0
34.42,270.0,1.0
34.44,268.0,1.0
34.46,317.0,1.0
34.48,276.0,1.0
34.5,292.0,1.0
34.52,287.0,1.0
34.54,277.0,1.0
34.56,291.0,1.0
34.58,304.0,1.0
34.6,306.0,1.0
34.62,291.0,1.0
34.64,311.0,1.0
34.66,300.0,1.0
34.68,306.0,1.0
34.7,323.0,1.0
34.72,354.0,1.0
34.74,361.0,1.0
34.76,398.0,1.0
34.78,403.0,1.0
34.8,307.0,1.0
34.82,314.0,1.0
34.84,284.0,1.0
34.86,295.0,1.0
34.88,293.0,1.0
34.9,305.0,1.0
34.92,302.0,1.0
34.94,294.0,1.0
34.96,283.0,1.0
34.98,286.0,1.0
35.0,262.0,1.0
35.02,264.0,1.0
35.04,304.0,1.0
35.06,273.0,1.0
35.08,283.0,1.0
35.1,284.0,1.0
35.12,258.0,1.0
35.14,269.0,1.0
35.16,281.0,1.0
35.18,292.0,1.0
35.2,282.0,1.0
35.22,280.0,1.0
35.24,288.0,1.0
35.26,268.0,1.0
35.28,291.0,1.0
35.3,295.0,1.0
35.32,283.0,1.0
35.34,296.0,1.0
35.36,261.0,1.0
35.38,284.0,1.0
35.4,265.0,1.0
35.42,265.0,1.0
35.44,264.0,1.0
35.46,267.0,1.0
35.48,277.0,1.0
35.5,299.0,1.0
35.52,300.0,1.0
35.54,267.0,1.0
35.56,303.0,1.0
35.58,308.0,1.0
35.6,272.0,1.0
35.62,279.0,1.0
35.64,258.0,1.0
35.66,291.0,1.0
35.68,294.0,1.0
35.7,262.0,1.0
35.72,260.0,1.0
35.74,261.0,1.0
35.76,286.0,1.0
35.78,261.0,1.0
35.8,232.0,1.0
35.82,233.0,1.0
35.84,248.0,1.0
35.86,270.0,1.0
35.88,279.0,1.0
35.9,235.0,1.0
35.92,290.0,1.0
35.94,269.0,1.0
35.96,252.0,1.0
35.98,284.0,1.0
36.0,267.0,1.0
36.02,271.0,1.0
36.04,255.0,1.0
36.06,290.0,1.0
36.08,259.0,1.0
36.1,288.0,1.0
36.12,259.0,1.0
36.14,284.0,1.0
36.16,257.0,1.0
36.18,274.0,1.0
36.2,257.0,1.0
36.22,257.0,1.0
36.24,269.0,1.0
36.26,300.0,1.0
36.28,254.0,1.0
36.3,254.0,1.0
36.32,243.0,1.0
36.34,268.0,1.0
36.36,259.0,1.0
36.38,253.0,1.0
36.4,264.0,1.0
36.42,263.0,1.0
36.44,273.0,1.0
36.46,253.0,1.0
36.48,282.0,1.0
36.5,258.0,1.0
36.52,289.0,1.0
36.54,244.0,1.0
36.56,264.0,1.0
36.58,275.0,1.0
36.6,246.0,1.0
36.62,258.0,1.0
36.64,272.0,1.0
36.66,266.0,1.0
36.68,244.0,1.0
36.7,245.0,1.0
36.72,276.0,1.0
36.74,255.0,1.0
36.76,262.0,1.0
36.78,259.0,1.0
36.8,246.0,1.0
36.82,233.0,1.0
36.84,271.0,1.0
36.86,258.0,1.0
36.88,244.0,1.0
36.9,263.0,1.0
36.92,244.0,1.0
36.94,237.0,1.0
36.96,240.0,1.0
36.98,253.0,1.0
37.0,262.0,1.0
37.02,282.0,1.0
37.04,275.0,1.0
37.06,263.0,1.0
37.08,255.0,1.0
37.1,242.0,1.0
37.12,264.0,1.0
37.14,240.0,1.0
37.16,286.0,1.0
37.18,259.0,1.0
37.2,266.0,1.0
37.22,258.0,1.0
37.24,241.0,1.0
37.26,275.0,1.0
37.28,264.0,1.0
37.3,276.0,1.0
37.32,270.0,1.0
37.34,264.0,1.0
37.36,259.0,1.0
37.38,283.0,1.0
37.4,291.0,1.0
37.42,306.0,1.0
37.44,288.0,1.0
37.46,294.0,1.0
37.48,296.0,1.0
37.5,259.0,1.0
37.52,258.0,1.0
37.54,285.0,1.0
37.56,286.0,1.0
37.58,271.0,1.0
37.6,294.0,1.0
37.62,273.0,1.0
37.64,298.0,1.0
37.66,303.0,1.0
37.68,284.0,1.0
37.7,274.0,1.0
37.72,301.0,1.0
37.74,285.0,1.0
37.76,280.0,1.0
37.78,289.0,1.0
37.8,278.0,1.0
37.82,299.0,1.0
37.84,294.0,1.0
37.86,283.0,1.0
37.88,268.0,1.0
37.9,262.0,1.0
37.92,279.0,1.0
37.94,292.0,1.0
37.96,270.0,1.0
37.98,288.0,1.0
38.0,301.0,1.0
38.02,288.0,1.0
38.04,300.0,1.0
38.06,303.0,1.0
38.08,298.0,1.0
38.1,286.0,1.0
38.12,262.0,1.0
38.14,267.0,1.0
38.16,323.0,1.0
38.18,321.0,1.0
38.2,300.0,1.0
38.22,322.0,1.0
38.24,305.0,1.0
38.26,325.0,1.0
38.28,350.0,1.0
38.3,327.0,1.0
38.32,354.0,1.0
38.34,373.0,1.0
38.36,402.0,1.0
38.38,457.0,1.0
38.4,545.0,1.0
38.42,709.0,1.0
38.44,812.0,1.0
38.46,875.0,1.0
38.48,927.0,1.0
38.5,1200.0,1.0
38.52,1883.0,1.0
38.54,3944.0,1.0
38.56,6975.0,1.0
38.58,10318.0,1.0
38.6,17217.0,1.0
38.62,16782.0,1.0
38.64,7927.0,1.0
38.66,5352.0,1.0
38.68,6173.0,1.0
38.7,9108.0,1.0
38.72,8474.0,1.0
38.74,3682.0,1.0
38.76,1597.0,1.0
38.78,981.0,1.0
38.8,763.0,1.0
38.82,617.0,1.0
38.84,552.0,1.0
38.86,505.0,1.0
38.88,436.0,1.0
38.9,406.0,1.0
38.92,384.0,1.0
38.94,344.0,1.0
38.96,339.0,1.0
38.98,331.0,1.0
39.0,301.0,1.0
39.02,318.0,1.0
39.04,326.0,1.0
39.06,297.0,1.0
39.08,293.0,1.0
39.1,306.0,1.0
39.12,311.0,1.0
39.14,324.0,1.0
39.16,278.0,1.0
39.18,302.0,1.0
39.2,296.0,1.0
39.22,315.0,1.0
39.24,295.0,1.0
39.26,314.0,1.0
39.28,272.0,1.0
39.3,322.0,1.0
39.32,268.0,1.0
39.34,250.0,1.0
39.36,272.0,1.0
39.38,262.0,1.0
39.4,252.0,1.0
39.42,268.0,1.0
39.44,266.0,1.0
39.46,271.0,1.0
39.48,261.0,1.0
39.5,283.0,1.0
39.52,268.0,1.0
39.54,271.0,1.0
39.56,272.0,1.0
39.58,244.0,1.0
39.6,259.0,1.0
39.62,245.0,1.0
39.64,242.0,1.0
39.66,268.0,1.0
39.68,261.0,1.0
39.7,235.0,1.0
39.72,248.0,1.0
39.74,249.0,1.0
39.76,270.0,1.0
39.78,250.0,1.0
39.8,246.0,1.0
39.82,252.0,1.0
39.84,271.0,1.0
39.86,263.0,1.0
39.88,233.0,1.0
39.9,242.0,1.0
39.92,254.0,1.0
39.94,247.0,1.0
39.96,234.0,1.0
39.98,238.0,1.0
40.0,202.0,1.0
40.02,253.0,1.0
40.04,254.0,1.0
40.06,232.0,1.0
40.08,258.0,1.0
40.1,232.0,1.0
40.12,242.0,1.0
40.14,208.0,1.0
40.16,273.0,1.0
40.18,243.0,1.0
40.2,250.0,1.0
40.22,248.0,1.0
40.24,240.0,1.0
40.26,225.0,1.0
40.28,221.0,1.0
40.3,237.0,1.0
40.32,220.0,1.0
40.34,228.0,1.0
40.36,281.0,1.0
40.38,199.0,1.0
40.4,236.0,1.0
40.42,244.0,1.0
40.44,240.0,1.0
40.46,256.0,1.0
40.48,215.0,1.0
40.5,245.0,1.0
40.52,202.0,1.0
40.54,230.0,1.0
40.56,227.0,1.0
40.58,232.0,1.0
40.6,234.0,1.0
40.62,246.0,1.0
40.64,217.0,1.0
40.66,249.0,1.0
40.68,236.0,1.0
40.7,223.0,1.0
40.72,246.0,1.0
40.74,232.0,1.0
40.76,213.0,1.0
40.78,207.0,1.0
40.8,201.0,1.0
40.82,224.0,1.0
40.84,235.0,1.0
40.86,203.0,1.0
40.88,196.0,1.0
40.9,211.0,1.0
40.92,228.0,1.0
40.94,246.0,1.0
40.96,225.0,1.0
40.98,258.0,1.0
41.0,241.0,1.0
41.02,241.0,1.0
41.04,213.0,1.0
41.06,232.0,1.0
41.08,212.0,1.0
41.1,238.0,1.0
41.12,237.0,1.0
41.14,228.0,1.0
41.16,182.0,1.0
41.18,232.0,1.0
41.2,202.0,1.0
41.22,237.0,1.0
41.24,219.0,1.0
41.26,222.0,1.0
41.28,232.0,1.0
41.3,234.0,1.0
41.32,195.0,1.0
41.34,199.0,1.0
41.36,211.0,1.0
41.38,240.0,1.0
41.4,238.0,1.0
41.42,237.0,1.0
41.44,221.0,1.0
41.46,215.0,1.0
41.48,236.0,1.0
41.5,242.0,1.0
41.52,209.0,1.0
41.54,233.0,1.0
41.56,237.0,1.0
41.58,190.0,1.0
41.6,216.0,1.0
41.62,212.0,1.0
41.64,209.0,1.0
41.66,212.0,1.0
41.68,186.0,1.0
41.7,213.0,1.0
41.72,219.0,1.0
41.74,224.0,1.0
41.76,211.0,1.0
41.78,217.0,1.0
41.8,205.0,1.0
41.82,194.0,1.0
41.84,218.0,1.0
41.86,213.0,1.0
41.88,217.0,1.0
41.9,203.0,1.0
41.92,222.0,1.0
41.94,204.0,1.0
41.96,215.0,1.0
41.98,223.0,1.0
42.0,181.0,1.0
42.02,214.0,1.0
42.04,204.0,1.0
42.06,205.0,1.0
42.08,183.0,1.0
42.1,204.0,1.0
42.12,219.0,1.0
42.14,226.0,1.0
42.16,193.0,1.0
42.18,205.0,1.0
42.2,206.0,1.0
42.22,213.0,1.0
42.24,232.0,1.0
42.26,208.0,1.0
42.28,215.0,1.0
42.3,178.0,1.0
42.32,221.0,1.0
42.34,219.0,1.0
42.36,199.0,1.0
42.38,210.0,1.0
42.4,219.0,1.0
42.42,219.0,1.0
42.44,205.0,1.0
42.46,206.0,1.0
42.48,203.0,1.0
42.5,196.0,1.0
42.52,189.0,1.0
42.54,213.0,1.0
42.56,207.0,1.0
42.58,188.0,1.0
42.6,206.0,1.0
42.62,212.0,1.0
42.64,207.0,1.0
42.66,217.0,1.0
42.68,212.0,1.0
42.7,189.0,1.0
42.72,202.0,1.0
42.74,218.0,1.0
42.76,213.0,1.0
42.78,215.0,1.0
42.8,187.0,1.0
42.82,197.0,1.0
42.84,195.0,1.0
42.86,207.0,1.0
42.88,176.0,1.0
42.9,201.0,1.0
42.92,186.0,1.0
42.94,176.0,1.0
42.96,193.0,1.0
42.98,189.0,1.0
43.0,172.0,1.0
43.02,175.0,1.0
43.04,190.0,1.0
43.06,219.0,1.0
43.08,208.0,1.0
43.1,237.0,1.0
43.12,217.0,1.0
43.14,204.0,1.0
43.16,214.0,1.0
43.18,202.0,1.0
43.2,168.0,1.0
43.22,168.0,1.0
43.24,196.0,1.0
43.26,210.0,1.0
43.28,184.0,1.0
43.3,202.0,1.0
43.32,190.0,1.0
43.34,205.0,1.0
43.36,179.0,1.0
43.38,190.0,1.0
43.4,205.0,1.0
43.42,195.0,1.0
43.44,203.0,1.0
43.46,221.0,1.0
43.48,186.0,1.0
43.5,227.0,1.0
43.52,181.0,1.0
43.54,190.0,1.0
43.56,192.0,1.0
43.58,176.0,1.0
43.6,203.0,1.0
43.62,181.0,1.0
43.64,213.0,1.0
43.66,202.0,1.0
43.68,187.0,1.0
43.7,203.0,1.0
43.72,187.0,1.0
43.74,204.0,1.0
43.76,198.0,1.0
43.78,210.0,1.0
43.8,166.0,1.0
43.82,202.0,1.0
43.84,211.0,1.0
43.86,203.0,1.0
43.88,209.0,1.0
43.9,180.0,1.0
43.92,198.0,1.0
43.94,177.0,1.0
43.96,187.0,1.0
43.98,198.0,1.0
44.0,187.0,1.0
44.02,181.0,1.0
44.04,181.0,1.0
44.06,187.0,1.0
44.08,200.0,1.0
44.1,191.0,1.0
44.12,196.0,1.0
44.14,171.0,1.0
44.16,209.0,1.0
44.18,180.0,1.0
44.2,162.0,1.0
44.22,177.0,1.0
44.24,195.0,1.0
44.26,200.0,1.0
44.28,205.0,1.0
44.3,175.0,1.0
44.32,166.0,1.0
44.34,176.0,1.0
44.36,181.0,1.0
44.38,202.0,1.0
44.4,207.0,1.0
44.42,163.0,1.0
44.44,171.0,1.0
44.46,190.0,1.0
44.48,204.0,1.0
44.5,197.0,1.0
44.52,182.0,1.0
44.54,194.0,1.0
44.56,206.0,1.0
44.58,203.0,1.0
44.6,209.0,1.0
44.62,181.0,1.0
44.64,180.0,1.0
44.66,192.0,1.0
44.68,200.0,1.0
44.7,198.0,1.0
44.72,184.0,1.0
44.74,195.0,1.0
44.76,203.0,1.0
44.78,172.0,1.0
44.8,182.0,1.0
44.82,173.0,1.0
44.84,206.0,1.0
44.86,194.0,1.0
44.88,184.0,1.0
44.9,171.0,1.0
44.92,198.0,1.0
44.94,172.0,1.0
44.96,191.0,1.0
44.98,209.0,1.0
45.0,188.0,1.0
45.02,176.0,1.0
45.04,220.0,1.0
45.06,183.0,1.0
45.08,194.0,1.0
45.1,203.0,1.0
45.12,196.0,1.0
45.14,192.0,1.0
45.16,198.0,1.0
45.18,172.0,1.0
45.2,162.0,1.0
45.22,193.0,1.0
45.24,181.0,1.0
45.26,186.0,1.0
45.28,167.0,1.0
45.3,165.0,1.0
45.32,179.0,1.0
45.34,161.0,1.0
45.36,175.0,1.0
45.38,196.0,1.0
45.4,179.0,1.0
45.42,189.0,1.0
45.44,160.0,1.0
45.46,173.0,1.0
45.48,168.0,1.0
45.5,196.0,1.0
45.52,174.0,1.0
45.54,183.0,1.0
45.56,162.0,1.0
45.58,164.0,1.0
45.6,173.0,1.0
45.62,178.0,1.0
45.64,164.0,1.0
45.66,185.0,1.0
45.68,192.0,1.0
45.7,174.0,1.0
45.72,173.0,1.0
45.74,163.0,1.0
45.76,173.0,1.0
45.78,170.0,1.0
45.8,161.0,1.0
45.82,189.0,1.0
45.84,175.0,1.0
45.86,180.0,1.0
45.88,167.0,1.0
45.9,198.0,1.0
45.92,175.0,1.0
45.94,204.0,1.0
45.96,162.0,1.0
45.98,156.0,1.0
46.0,181.0,1.0
46.02,169.0,1.0
46.04,166.0,1.0
46.06,170.0,1.0
46.08,191.0,1.0
46.1,143.0,1.0
46.12,163.0,1.0
46.14,178.0,1.0
46.16,173.0,1.0
46.18,156.0,1.0
46.2,188.0,1.0
46.22,169.0,1.0
46.24,164.0,1.0
46.26,166.0,1.0
46.28,163.0,1.0
46.3,174.0,1.0
46.32,188.0,1.0
46.34,156.0,1.0
46.36,170.0,1.0
46.38,192.0,1.0
46.4,178.0,1.0
46.42,161.0,1.0
46.44,178.0,1.0
46.46,169.0,1.0
46.48,160.0,1.0
46.5,172.0,1.0
46.52,183.0,1.0
46.54,161.0,1.0
46.56,152.0,1.0
46.58,200.0,1.0
46.6,187.0,1.0
46.62,179.0,1.0
46.64,162.0,1.0
46.66,181.0,1.0
46.68,168.0,1.0
46.7,154.0,1.0
46.72,162.0,1.0
46.74,159.0,1.0
46.76,187.0,1.0
46.78,167.0,1.0
46.8,151.0,1.0
46.82,175.0,1.0
46.84,175.0,1.0
46.86,167.0,1.0
46.88,184.0,1.0
46.9,148.0,1.0
46.92,169.0,1.0
46.94,177.0,1.0
46.96,181.0,1.0
46.98,161.0,1.0
47.0,177.0,1.0
47.02,171.0,1.0
47.04,183.0,1.0
47.06,172.0,1.0
47.08,186.0,1.0
47.1,191.0,1.0
47.12,174.0,1.0
47.14,149.0,1.0
47.16,164.0,1.0
47.18,165.0,1.0
47.2,164.0,1.0
47.22,184.0,1.0
47.24,155.0,1.0
47.26,168.0,1.0
47.28,164.0,1.0
47.3,171.0,1.0
47.32,162.0,1.0
47.34,171.0,1.0
47.36,161.0,1.0
47.38,183.0,1.0
47.4,176.0,1.0
47.42,179.0,1.0
47.44,168.0,1.0
47.46,179.0,1.0
47.48,172.0,1.0
47.5,168.0,1.0
47.52,170.0,1.0
47.54,174.0,1.0
47.56,163.0,1.0
47.58,179.0,1.0
47.6,168.0,1.0
47.62,172.0,1.0
47.64,178.0,1.0
47.66,179.0,1.0
47.68,165.0,1.0
47.7,167.0,1.0
47.72,180.0,1.0
47.74,178.0,1.0
47.76,154.0,1.0
47.78,165.0,1.0
47.8,176.0,1.0
47.82,153.0,1.0
47.84,173.0,1.0
47.86,179.0,1.0
47.88,170.0,1.0
47.9,149.0,1.0
47.92,167.0,1.0
47.94,144.0,1.0
47.96,166.0,1.0
47.98,165.0,1.0
48.0,170.0,1.0
48.02,142.0,1.0
48.04,168.0,1.0
48.06,152.0,1.0
48.08,152.0,1.0
48.1,154.0,1.0
48.12,180.0,1.0
48.14,175.0,1.0
48.16,199.0,1.0
48.18,170.0,1.0
48.2,158.0,1.0
48.22,190.0,1.0
48.24,161.0,1.0
48.26,166.0,1.0
48.28,169.0,1.0
48.3,172.0,1.0
48.32,166.0,1.0
48.34,162.0,1.0
48.36,182.0,1.0
48.38,170.0,1.0
48.4,169.0,1.0
48.42,160.0,1.0
48.44,178.0,1.0
48.46,146.0,1.0
48.48,162.0,1.0
48.5,164.0,1.0
48.52,171.0,1.0
48.54,164.0,1.0
48.56,159.0,1.0
48.58,184.0,1.0
48.6,175.0,1.0
48.62,193.0,1.0
48.64,212.0,1.0
48.66,205.0,1.0
48.68,217.0,1.0
48.7,212.0,1.0
48.72,265.0,1.0
48.74,382.0,1.0
48.76,526.0,1.0
48.78,685.0,1.0
48.8,1072.0,1.0
48.82,1289.0,1.0
48.84,788.0,1.0
48.86,495.0,1.0
48.88,415.0,1.0
48.9,405.0,1.0
48.92,582.0,1.0
48.94,715.0,1.0
48.96,651.0,1.0
48.98,398.0,1.0
49.0,258.0,1.0
49.02,216.0,1.0
49.04,167.0,1.0
49.06,193.0,1.0
49.08,184.0,1.0
49.1,183.0,1.0
49.12,162.0,1.0
49.14,155.0,1.0
49.16,152.0,1.0
49.18,160.0,1.0
49.2,162.0,1.0
49.22,181.0,1.0
49.24,176.0,1.0
49.26,171.0,1.0
49.28,157.0,1.0
49.3,167.0,1.0
49.32,165.0,1.0
49.34,171.0,1.0
49.36,176.0,1.0
49.38,157.0,1.0
49.4,149.0,1.0
49.42,154.0,1.0
49.44,168.0,1.0
49.46,168.0,1.0
49.48,190.0,1.0
49.5,154.0,1.0
49.52,166.0,1.0
49.54,161.0,1.0
49.56,148.0,1.0
49.58,161.0,1.0
49.6,160.0,1.0
49.62,156.0,1.0
49.64,155.0,1.0
49.66,147.0,1.0
49.68,129.0,1.0
49.7,144.0,1.0
49.72,173.0,1.0
49.74,138.0,1.0
49.76,171.0,1.0
49.78,170.0,1.0
49.8,152.0,1.0
49.82,177.0,1.0
49.84,163.0,1.0
49.86,170.0,1.0
49.88,154.0,1.0
49.9,169.0,1.0
49.92,184.0,1.0
49.94,161.0,1.0
49.96,176.0,1.0
49.98,160.0,1.0
50.0,172.0,1.0
50.02,176.0,1.0
50.04,170.0,1.0
50.06,145.0,1.0
50.08,156.0,1.0
50.1,168.0,1.0
50.12,194.0,1.0
50.14,166.0,1.0
50.16,170.0,1.0
50.18,168.0,1.0
50.2,164.0,1.0
50.22,161.0,1.0
50.24,168.0,1.0
50.26,153.0,1.0
50.28,161.0,1.0
50.3,189.0,1.0
50.32,162.0,1.0
50.34,184.0,1.0
50.36,141.0,1.0
50.38,156.0,1.0
50.4,180.0,1.0
50.42,170.0,1.0
50.44,142.0,1.0
50.46,153.0,1.0
50.48,166.0,1.0
50.5,144.0,1.0
50.52,143.0,1.0
50.54,143.0,1.0
50.56,153.0,1.0
50.58,163.0,1.0
50.6,156.0,1.0
50.62,166.0,1.0
50.64,161.0,1.0
50.66,155.0,1.0
50.68,161.0,1.0
50.7,153.0,1.0
50.72,159.0,1.0
50.74,156.0,1.0
50.76,152.0,1.0
50.78,145.0,1.0
50.8,166.0,1.0
50.82,152.0,1.0
50.84,157.0,1.0
50.86,162.0,1.0
50.88,144.0,1.0
50.9,147.0,1.0
50.92,147.0,1.0
50.94,143.0,1.0
50.96,172.0,1.0
50.98,178.0,1.0
51.0,137.0,1.0
51.02,162.0,1.0
51.04,145.0,1.0
51.06,141.0,1.0
51.08,159.0,1.0
51.1,155.0,1.0
51.12,168.0,1.0
51.14,164.0,1.0
51.16,154.0,1.0
51.18,167.0,1.0
51.2,145.0,1.0
51.22,157.0,1.0
51.24,143.0,1.0
51.26,162.0,1.0
51.28,151.0,1.0
51.3,145.0,1.0
51.32,155.0,1.0
51.34,161.0,1.0
51.36,141.0,1.0
51.38,153.0,1.0
51.4,150.0,1.0
51.42,158.0,1.0
51.44,149.0,1.0
51.46,147.0,1.0
51.48,150.0,1.0
51.5,150.0,1.0
51.52,163.0,1.0
51.54,171.0,1.0
51.56,176.0,1.0
51.58,163.0,1.0
51.6,162.0,1.0
51.62,134.0,1.0
51.64,140.0,1.0
51.66,179.0,1.0
51.68,153.0,1.0
51.7,137.0,1.0
51.72,147.0,1.0
51.74,167.0,1.0
51.76,129.0,1.0
51.78,130.0,1.0
51.8,158.0,1.0
51.82,157.0,1.0
51.84,144.0,1.0
51.86,166.0,1.0
51.88,145.0,1.0
51.9,164.0,1.0
51.92,148.0,1.0
51.94,153.0,1.0
51.96,148.0,1.0
51.98,138.0,1.0
52.0,156.0,1.0
52.02,139.0,1.0
52.04,143.0,1.0
52.06,148.0,1.0
52.08,123.0,1.0
52.1,147.0,1.0
52.12,141.0,1.0
52.14,156.0,1.0
52.16,152.0,1.0
52.18,175.0,1.0
52.2,149.0,1.0
52.22,157.0,1.0
52.24,175.0,1.0
52.26,145.0,1.0
52.28,158.0,1.0
52.3,151.0,1.0
52.32,148.0,1.0
52.34,143.0,1.0
52.36,149.0,1.0
52.38,168.0,1.0
52.4,150.0,1.0
52.42,146.0,1.0
52.44,135.0,1.0
52.46,143.0,1.0
52.48,147.0,1.0
52.5,151.0,1.0
52.52,160.0,1.0
52.54,142.0,1.0
52.56,144.0,1.0
52.58,145.0,1.0
52.6,144.0,1.0
52.62,143.0,1.0
52.64,159.0,1.0
52.66,147.0,1.0
52.68,152.0,1.0
52.7,172.0,1.0
52.72,160.0,1.0
52.74,131.0,1.0
52.76,164.0,1.0
52.78,147.0,1.0
52.8,156.0,1.0
52.82,139.0,1.0
52.84,152.0,1.0
52.86,135.0,1.0
52.88,151.0,1.0
52.9,158.0,1.0
52.92,136.0,1.0
52.94,150.0,1.0
52.96,158.0,1.0
52.98,160.0,1.0
53.0,152.0,1.0
53.02,164.0,1.0
53.04,117.0,1.0
53.06,158.0,1.0
53.08,149.0,1.0
53.1,141.0,1.0
53.12,138.0,1.0
53.14,142.0,1.0
53.16,166.0,1.0
53.18,145.0,1.0
53.2,137.0,1.0
53.22,160.0,1.0
53.24,147.0,1.0
53.26,130.0,1.0
53.28,155.0,1.0
53.3,146.0,1.0
53.32,136.0,1.0
53.34,130.0,1.0
53.36,151.0,1.0
53.38,124.0,1.0
53.4,137.0,1.0
53.42,128.0,1.0
53.44,160.0,1.0
53.46,138.0,1.0
53.48,132.0,1.0
53.5,147.0,1.0
53.52,155.0,1.0
53.54,128.0,1.0
53.56,128.0,1.0
53.58,139.0,1.0
53.6,127.0,1.0
53.62,124.0,1.0
53.64,144.0,1.0
53.66,144.0,1.0
53.68,149.0,1.0
53.7,147.0,1.0
53.72,134.0,1.0
53.74,137.0,1.0
53.76,155.0,1.0
53.78,135.0,1.0
53.8,172.0,1.0
53.82,148.0,1.0
53.84,147.0,1.0
53.86,155.0,1.0
53.88,153.0,1.0
53.9,139.0,1.0
53.92,146.0,1.0
53.94,138.0,1.0
53.96,160.0,1.0
53.98,135.0,1.0
54.0,161.0,1.0
54.02,152.0,1.0
54.04,135.0,1.0
54.06,168.0,1.0
54.08,147.0,1.0
54.1,132.0,1.0
54.12,154.0,1.0
54.14,152.0,1.0
54.16,141.0,1.0
54.18,139.0,1.0
54.2,150.0,1.0
54.22,151.0,1.0
54.24,130.0,1.0
54.26,146.0,1.0
54.28,156.0,1.0
54.3,126.0,1.0
54.32,146.0,1.0
54.34,151.0,1.0
54.36,142.0,1.0
54.38,163.0,1.0
54.4,152.0,1.0
54.42,155.0,1.0
54.44,141.0,1.0
54.46,143.0,1.0
54.48,145.0,1.0
54.5,141.0,1.0
54.52,141.0,1.0
54.54,161.0,1.0
54.56,131.0,1.0
54.58,137.0,1.0
54.6,127.0,1.0
54.62,160.0,1.0
54.64,138.0,1.0
54.66,134.0,1.0
54.68,149.0,1.0
54.7,145.0,1.0
54.72,131.0,1.0
54.74,161.0,1.0
54.76,164.0,1.0
54.78,155.0,1.0
54.8,164.0,1.0
54.82,143.0,1.0
54.84,139.0,1.0
54.86,143.0,1.0
54.88,140.0,1.0
54.9,134.0,1.0
54.92,150.0,1.0
54.94,141.0,1.0
54.96,147.0,1.0
54.98,138.0,1.0
55.0,129.0,1.0
55.02,164.0,1.0
55.04,143.0,1.0
55.06,130.0,1.0
55.08,144.0,1.0
55.1,169.0,1.0
55.12,134.0,1.0
55.14,139.0,1.0
55.16,149.0,1.0
55.18,147.0,1.0
55.2,134.0,1.0
55.22,155.0,1.0
55.24,151.0,1.0
55.26,148.0,1.0
55.28,150.0,1.0
55.3,152.0,1.0
55.32,136.0,1.0
55.34,137.0,1.0
55.36,151.0,1.0
55.38,151.0,1.0
55.4,142.0,1.0
55.42,165.0,1.0
55.44,149.0,1.0
55.46,146.0,1.0
55.48,146.0,1.0
55.5,156.0,1.0
55.52,144.0,1.0
55.54,158.0,1.0
55.56,148.0,1.0
55.58,154.0,1.0
55.6,147.0,1.0
55.62,143.0,1.0
55.64,144.0,1.0
55.66,152.0,1.0
55.68,164.0,1.0
55.7,125.0,1.0
55.72,134.0,1.0
55.74,142.0,1.0
55.76,151.0,1.0
55.78,157.0,1.0
55.8,152.0,1.0
55.82,151.0,1.0
55.84,149.0,1.0
55.86,153.0,1.0
55.88,137.0,1.0
55.9,169.0,1.0
55.92,128.0,1.0
55.94,155.0,1.0
55.96,125.0,1.0
55.98,153.0,1.0
56.0,155.0,1.0
56.02,150.0,1.0
56.04,145.0,1.0
56.06,176.0,1.0
56.08,128.0,1.0
56.1,161.0,1.0
56.12,155.0,1.0
56.14,137.0,1.0
56.16,147.0,1.0
56.18,159.0,1.0
56.2,157.0,1.0
56.22,155.0,1.0
56.24,149.0,1.0
56.26,137.0,1.0
56.28,130.0,1.0
56.3,157.0,1.0
56.32,158.0,1.0
56.34,154.0,1.0
56.36,142.0,1.0
56.38,137.0,1.0
56.4,145.0,1.0
56.42,172.0,1.0
56.44,156.0,1.0
56.46,150.0,1.0
56.48,159.0,1.0
56.5,148.0,1.0
56.52,157.0,1.0
56.54,134.0,1.0
56.56,138.0,1.0
56.58,149.0,1.0
56.6,144.0,1.0
56.62,149.0,1.0
56.64,154.0,1.0
56.66,181.0,1.0
56.68,167.0,1.0
56.7,162.0,1.0
56.72,153.0,1.0
56.74,146.0,1.0
56.76,142.0,1.0
56.78,146.0,1.0
56.8,160.0,1.0
56.82,159.0,1.0
56.84,163.0,1.0
56.86,154.0,1.0
56.88,126.0,1.0
56.9,135.0,1.0
56.92,131.0,1.0
56.94,155.0,1.0
56.96,139.0,1.0
56.98,168.0,1.0
57.0,128.0,1.0
57.02,134.0,1.0
57.04,136.0,1.0
57.06,154.0,1.0
57.08,172.0,1.0
57.1,151.0,1.0
57.12,141.0,1.0
57.14,176.0,1.0
57.16,190.0,1.0
57.18,137.0,1.0
57.2,165.0,1.0
57.22,139.0,1.0
57.24,161.0,1.0
57.26,146.0,1.0
57.28,133.0,1.0
57.3,155.0,1.0
57.32,153.0,1.0
57.34,171.0,1.0
57.36,137.0,1.0
57.38,139.0,1.0
57.4,147.0,1.0
57.42,144.0,1.0
57.44,155.0,1.0
57.46,129.0,1.0
57.48,159.0,1.0
57.5,157.0,1.0
57.52,154.0,1.0
57.54,146.0,1.0
57.56,143.0,1.0
57.58,155.0,1.0
57.6,138.0,1.0
57.62,150.0,1.0
57.64,172.0,1.0
57.66,170.0,1.0
57.68,166.0,1.0
57.7,158.0,1.0
57.72,148.0,1.0
57.74,163.0,1.0
57.76,163.0,1.0
57.78,149.0,1.0
57.8,166.0,1.0
57.82,155.0,1.0
57.84,157.0,1.0
57.86,158.0,1.0
57.88,161.0,1.0
57.9,155.0,1.0
57.92,154.0,1.0
57.94,134.0,1.0
57.96,141.0,1.0
57.98,153.0,1.0
58.0,146.0,1.0
58.02,140.0,1.0
58.04,132.0,1.0
58.06,137.0,1.0
58.08,151.0,1.0
58.1,172.0,1.0
58.12,144.0,1.0
58.14,148.0,1.0
58.16,146.0,1.0
58.18,154.0,1.0
58.2,157.0,1.0
58.22,156.0,1.0
58.24,143.0,1.0
58.26,169.0,1.0
58.28,155.0,1.0
58.3,158.0,1.0
58.32,149.0,1.0
58.34,161.0,1.0
58.36,169.0,1.0
58.38,142.0,1.0
58.4,159.0,1.0
58.42,149.0,1.0
58.44,147.0,1.0
58.46,142.0,1.0
58.48,165.0,1.0
58.5,169.0,1.0
58.52,171.0,1.0
58.54,162.0,1.0
58.56,151.0,1.0
58.58,151.0,1.0
58.6,135.0,1.0
58.62,144.0,1.0
58.64,150.0,1.0
58.66,150.0,1.0
58.68,163.0,1.0
58.7,157.0,1.0
58.72,153.0,1.0
58.74,156.0,1.0
58.76,150.0,1.0
58.78,142.0,1.0
58.8,141.0,1.0
58.82,150.0,1.0
58.84,171.0,1.0
58.86,158.0,1.0
58.88,170.0,1.0
58.9,166.0,1.0
58.92,147.0,1.0
58.94,169.0,1.0
58.96,151.0,1.0
58.98,161.0,1.0
59.0,139.0,1.0
59.02,134.0,1.0
59.04,145.0,1.0
59.06,149.0,1.0
59.08,160.0,1.0
59.1,145.0,1.0
59.12,156.0,1.0
59.14,169.0,1.0
59.16,140.0,1.0
59.18,163.0,1.0
59.2,165.0,1.0
59.22,146.0,1.0
59.24,146.0,1.0
59.26,172.0,1.0
59.28,168.0,1.0
59.3,179.0,1.0
59.32,164.0,1.0
59.34,179.0,1.0
59.36,154.0,1.0
59.38,161.0,1.0
59.4,195.0,1.0
59.42,195.0,1.0
59.44,229.0,1.0
59.46,247.0,1.0
59.48,238.0,1.0
59.5,179.0,1.0
59.52,161.0,1.0
59.54,166.0,1.0
59.56,185.0,1.0
59.58,209.0,1.0
59.6,172.0,1.0
59.62,201.0,1.0
59.64,205.0,1.0
59.66,172.0,1.0
59.68,187.0,1.0
59.7,158.0,1.0
59.72,148.0,1.0
59.74,134.0,1.0
59.76,178.0,1.0
59.78,164.0,1.0
59.8,152.0,1.0
59.82,168.0,1.0
59.84,176.0,1.0
59.86,169.0,1.0
59.88,145.0,1.0
59.9,182.0,1.0
59.92,162.0,1.0
59.94,183.0,1.0
59.96,154.0,1.0
59.98,159.0,1.0
60.0,152.0,1.0
